Row Labels,"Sum of Cases Registered Under Ipc And Sll (Special & Local Laws) In Which Juveniles Were Apprehended (UOM:Number), Scaling Factor:1","Sum of Cases Registered Under Environment Related Offences (UOM:Number), Scaling Factor:1","Sum of Cases Registered Under Economic Offences (UOM:Number), Scaling Factor:1","Sum of Registered Cyber-Crime Cases (UOM:Number), Scaling Factor:1","Sum of Cases Of Crime Against Foreigners (UOM:Number), Scaling Factor:1","Sum of Cases Registered Under Crime Against Women (Including Both Ipc And Sll (Special & Local Laws Crimes) (UOM:Number), Scaling Factor:1","Sum of Cognizable Crimes Registered Under Ipc (Indian Penal Code) And Sll (Special & Local Laws) (UOM:Number), Scaling Factor:1","Sum of Cognizable Crimes Registered Under Sll (Special & Local Laws) (UOM:Number), Scaling Factor:1","Sum of Registered Cases Of Crime Or Atrocities Against Scheduled Tribes (Sts) (UOM:Number), Scaling Factor:1","Sum of Registered Cases Of Crime Or Atrocities Against Scheduled Castes (Scs) (UOM:Number), Scaling Factor:1","Sum of Cases Registered By Railway Protection Force (UOM:Number), Scaling Factor:1","Sum of Value Of Property Recovered (UOM:INR(IndianRupees)), Scaling Factor:10000000","Sum of Value Of Property Stolen (UOM:INR(IndianRupees)), Scaling Factor:10000000","Sum of Cases Reported Under The Prevention Of Corruption Act And Related Sections Of Ipc (UOM:Number), Scaling Factor:1","Sum of Registered Cases Of Offence Against State (UOM:Number), Scaling Factor:1","Sum of Registered Murder Cases (UOM:Number), Scaling Factor:1","Sum of Cognizable Crimes Reported By Ipc (UOM:Number), Scaling Factor:1"
Andaman and Nicobar Islands,53,2,159,13,3,1012,18701,14663,9,0,0,1.4106498,3.0440292,11,11,75,4038
"Calendar Year (Jan - Dec), 2016",12,0,82,3,0,108,2491,1689,6,0,0,0.2844064,0.7629905,3,7,14,802
"Calendar Year (Jan - Dec), 2017",16,2,40,3,0,132,3014,2376,2,0,0,0.5271764,1.171352,7,1,9,638
"Calendar Year (Jan - Dec), 2018",25,0,37,7,3,147,3699,2993,1,0,0,0.599067,1.1096867,1,3,11,706
"Calendar Year (Jan - Dec), 2019",,,,,,135,4034,3470,,,,,,,,13,564
"Calendar Year (Jan - Dec), 2020",,,,,,143,2542,2060,,,,,,,,5,482
"Calendar Year (Jan - Dec), 2021",,,,,,169,1332,946,,,,,,,,16,386
"Calendar Year (Jan - Dec), 2022",,,,,,178,1589,1129,,,,,,,,7,460
Andhra Pradesh,2897,272,18703,2754,11,128799,1223433,211304,1076,6140,220699,152.6166638,352.5137227,514,363,6716,1012129
"Calendar Year (Jan - Dec), 2016",809,46,5931,616,5,16362,129389,22615,405,2335,69689,46.5213801,113.1794964,164,40,1123,106774
"Calendar Year (Jan - Dec), 2017",1122,135,6299,931,3,17909,148002,15666,341,1969,76356,56.262036,127.0091477,199,150,1054,132336
"Calendar Year (Jan - Dec), 2018",966,91,6473,1207,3,16438,144703,18068,330,1836,74654,49.8332477,112.3250786,151,173,935,126635
"Calendar Year (Jan - Dec), 2019",,,,,,17746,145751,26522,,,,,,,,870,119229
"Calendar Year (Jan - Dec), 2020",,,,,,17089,238105,49108,,,,,,,,853,188997
"Calendar Year (Jan - Dec), 2021",,,,,,17752,222199,42588,,,,,,,,956,179611
"Calendar Year (Jan - Dec), 2022",,,,,,25503,195284,36737,,,,,,,,925,158547
Arunachal Pradesh,136,5,404,12,0,2371,19443,1963,1,2,1,6.4496908,44.7263428,43,35,397,17480
"Calendar Year (Jan - Dec), 2016",57,1,167,4,0,367,2700,166,1,0,1,2.2214152,12.9495,14,10,46,2534
"Calendar Year (Jan - Dec), 2017",48,2,115,1,0,337,2746,181,0,2,0,1.9912572,20.4031238,11,16,79,2565
"Calendar Year (Jan - Dec), 2018",31,2,122,7,0,368,2817,204,0,0,0,2.2370184,11.373719,18,9,62,2613
"Calendar Year (Jan - Dec), 2019",,,,,,317,2877,287,,,,,,,,60,2590
"Calendar Year (Jan - Dec), 2020",,,,,,281,2503,259,,,,,,,,45,2244
"Calendar Year (Jan - Dec), 2021",,,,,,366,3039,413,,,,,,,,49,2626
"Calendar Year (Jan - Dec), 2022",,,,,,335,2761,453,,,,,,,,56,2308
Assam,778,348,22708,3838,9,171250,794106,61032,72,22,21734,58.512881,312.6772063,75,1244,8164,733074
"Calendar Year (Jan - Dec), 2016",436,149,6519,696,0,20869,107014,4764,1,4,6241,19.5053646,94.1684732,23,343,1149,102250
"Calendar Year (Jan - Dec), 2017",192,105,7363,1120,2,23082,109952,5628,65,10,6795,14.8700988,108.3246274,27,323,1144,104324
"Calendar Year (Jan - Dec), 2018",150,94,8826,2022,7,27728,120572,8340,6,8,8698,24.1374176,110.1841057,25,578,1241,112232
"Calendar Year (Jan - Dec), 2019",,,,,,30025,132783,9271,,,,,,,,1235,123512
"Calendar Year (Jan - Dec), 2020",,,,,,26352,121609,10051,,,,,,,,1131,111558
"Calendar Year (Jan - Dec), 2021",,,,,,29046,133239,13356,,,,,,,,1192,119883
"Calendar Year (Jan - Dec), 2022",,,,,,14148,68937,9622,,,,,,,,1072,59315
Bihar,4148,244,25904,1116,19,117149,1845105,513740,169,19509,145228,86.4802123,377.7814645,361,415,20335,1331365
"Calendar Year (Jan - Dec), 2016",2335,41,8628,309,10,13400,189696,25533,25,5701,43772,19.8449101,100.2107867,164,207,2581,164163
"Calendar Year (Jan - Dec), 2017",1142,51,8067,433,9,14711,236055,55482,80,6747,60056,44.4156112,158.3614969,128,146,2803,180573
"Calendar Year (Jan - Dec), 2018",671,152,9209,374,0,16920,262815,65904,64,7061,41400,22.219691,119.2091809,69,62,2934,196911
"Calendar Year (Jan - Dec), 2019",,,,,,18587,269109,71174,,,,,,,,3138,197935
"Calendar Year (Jan - Dec), 2020",,,,,,15359,257512,62814,,,,,,,,3150,194698
"Calendar Year (Jan - Dec), 2021",,,,,,17950,282083,96077,,,,,,,,2799,186006
"Calendar Year (Jan - Dec), 2022",,,,,,20222,347835,136756,,,,,,,,2930,211079
Chandigarh,392,7,538,88,7,2793,30110,10058,0,3,3992,9.0216079,26.0977537,20,6,154,20052
"Calendar Year (Jan - Dec), 2016",96,3,210,26,4,414,4256,1260,0,1,1424,2.7808064,7.9927954,15,2,26,2996
"Calendar Year (Jan - Dec), 2017",159,4,123,32,1,453,5462,2222,0,1,1444,2.7264362,8.2050288,2,3,25,3240
"Calendar Year (Jan - Dec), 2018",137,0,205,30,2,442,5967,2895,0,1,1124,3.5143653,9.8999295,3,1,20,3072
"Calendar Year (Jan - Dec), 2019",,,,,,515,4518,1699,,,,,,,,26,2819
"Calendar Year (Jan - Dec), 2020",,,,,,301,3254,671,,,,,,,,22,2583
"Calendar Year (Jan - Dec), 2021",,,,,,343,2995,594,,,,,,,,17,2401
"Calendar Year (Jan - Dec), 2022",,,,,,325,3658,717,,,,,,,,18,2941
Chhattisgarh,5816,134,4872,400,1,53641,704373,259872,1189,790,70315,47.5081944,146.3535178,115,41,6698,444501
"Calendar Year (Jan - Dec), 2016",1953,15,1282,90,0,5947,84192,29163,402,243,23576,14.495642,43.0565367,61,9,957,55029
"Calendar Year (Jan - Dec), 2017",1952,65,1719,171,1,7996,90516,32035,399,283,22752,15.3216177,50.2654788,27,14,919,58481
"Calendar Year (Jan - Dec), 2018",1911,54,1871,139,0,8587,98233,38055,388,264,23987,17.6909347,53.0315023,27,18,917,60178
"Calendar Year (Jan - Dec), 2019",,,,,,7689,96561,35305,,,,,,,,913,61256
"Calendar Year (Jan - Dec), 2020",,,,,,7385,103173,37957,,,,,,,,972,65216
"Calendar Year (Jan - Dec), 2021",,,,,,7344,110633,40114,,,,,,,,1007,70519
"Calendar Year (Jan - Dec), 2022",,,,,,8693,121065,47243,,,,,,,,1013,73822
Delhi,8191,56,16545,449,512,80643,1933240,101643,6,138,73472,296.4038666,5049.166515,31,44,3489,1831597
"Calendar Year (Jan - Dec), 2016",2499,18,6427,98,154,15310,216920,7401,2,54,24293,157.0157603,3278.814716,16,22,528,209519
"Calendar Year (Jan - Dec), 2017",2965,21,5200,162,169,13076,244714,12648,4,48,24747,77.5788825,752.6885573,9,11,487,232066
"Calendar Year (Jan - Dec), 2018",2727,17,4918,189,189,13640,262612,13600,0,36,24432,61.8092238,1017.663242,6,11,513,249012
"Calendar Year (Jan - Dec), 2019",,,,,,,316261,16786,,,,,,,,521,299475
"Calendar Year (Jan - Dec), 2020",,,,,,10093,266070,16878,,,,,,,,472,249192
"Calendar Year (Jan - Dec), 2021",,,,,,14277,306389,14485,,,,,,,,459,291904
"Calendar Year (Jan - Dec), 2022",,,,,,14247,320274,19845,,,,,,,,509,300429
Goa,65,34,614,73,84,2147,26296,7231,18,26,1096,6.6022535,28.8872316,26,39,227,19065
"Calendar Year (Jan - Dec), 2016",21,1,199,31,22,371,3706,1014,11,11,249,2.113208,9.317018,11,11,30,2692
"Calendar Year (Jan - Dec), 2017",24,28,200,13,28,369,3943,978,2,10,383,1.598277,11.0178457,4,6,31,2965
"Calendar Year (Jan - Dec), 2018",20,5,215,29,34,362,3884,1144,5,5,464,2.8907685,8.5523679,11,22,29,2740
"Calendar Year (Jan - Dec), 2019",,,,,,329,3727,1262,,,,,,,,33,2465
"Calendar Year (Jan - Dec), 2020",,,,,,219,4366,973,,,,,,,,34,3393
"Calendar Year (Jan - Dec), 2021",,,,,,224,2991,892,,,,,,,,26,2099
"Calendar Year (Jan - Dec), 2022",,,,,,273,3679,968,,,,,,,,44,2711
Gujarat,5734,196,10989,1522,9,56900,3549941,2197462,911,4225,225134,195.1286444,764.9401221,739,113,7106,1352479
"Calendar Year (Jan - Dec), 2016",1681,16,3463,362,2,8532,435422,288300,281,1322,77230,62.988387,207.6014665,258,44,1120,147122
"Calendar Year (Jan - Dec), 2017",2013,78,3477,458,4,8133,334799,206024,319,1477,73690,51.4941531,245.6410588,148,27,970,128775
"Calendar Year (Jan - Dec), 2018",2040,102,4049,702,3,8329,393194,245620,311,1426,74214,80.6461043,311.6975968,333,42,1072,147574
"Calendar Year (Jan - Dec), 2019",,,,,,8799,431066,291563,,,,,,,,993,139503
"Calendar Year (Jan - Dec), 2020",,,,,,8028,699619,317770,,,,,,,,982,381849
"Calendar Year (Jan - Dec), 2021",,,,,,7348,731738,458682,,,,,,,,1010,273056
"Calendar Year (Jan - Dec), 2022",,,,,,7731,524103,389503,,,,,,,,959,134600
Haryana,3394,123,16790,1323,26,96619,1367167,619750,0,2362,45114,206.7023426,705.0306119,328,4280,7619,747417
"Calendar Year (Jan - Dec), 2016",1186,44,5123,401,8,9839,143111,54584,0,639,14686,76.7635302,261.5362188,139,1286,1057,88527
"Calendar Year (Jan - Dec), 2017",1030,42,5923,504,10,11370,224816,126892,0,762,15478,64.0436556,213.4200002,82,2576,1046,97924
"Calendar Year (Jan - Dec), 2018",1178,37,5744,418,8,14326,191229,83017,0,961,14950,65.8951568,230.0743929,107,418,1104,108212
"Calendar Year (Jan - Dec), 2019",,,,,,14683,166336,55013,,,,,,,,1137,111323
"Calendar Year (Jan - Dec), 2020",,,,,,13000,192395,89119,,,,,,,,1143,103276
"Calendar Year (Jan - Dec), 2021",,,,,,16658,206431,93711,,,,,,,,1112,112720
"Calendar Year (Jan - Dec), 2022",,,,,,16743,242849,117414,,,,,,,,1020,125435
Himachal Pradesh,620,644,1681,156,16,10501,133079,36527,6,355,833,24.1003894,55.5285988,85,207,631,96552
"Calendar Year (Jan - Dec), 2016",204,178,507,31,4,1222,17249,3863,2,116,236,8.6154091,19.5650217,28,58,101,13386
"Calendar Year (Jan - Dec), 2017",184,196,574,56,4,1246,17796,4789,3,109,274,8.5105712,18.0202617,29,68,99,13007
"Calendar Year (Jan - Dec), 2018",232,270,600,69,8,1633,19594,4990,1,130,323,6.9744091,17.9433154,28,81,99,14604
"Calendar Year (Jan - Dec), 2019",,,,,,1636,19924,5444,,,,,,,,70,14480
"Calendar Year (Jan - Dec), 2020",,,,,,1614,20630,5827,,,,,,,,91,14803
"Calendar Year (Jan - Dec), 2021",,,,,,1599,18833,5792,,,,,,,,86,13041
"Calendar Year (Jan - Dec), 2022",,,,,,1551,19053,5822,,,,,,,,85,13231
Jammu and Kashmir,655.3449962,24.4531715,1988.531906,160.412805,0,23269.91385,193404.1576,23072.5957,0,1.95625372,4711.637085,32.02660609,86.08372931,218.1222898,633.8262053,965.0073549,170331.562
"Calendar Year (Jan - Dec), 2016",193.6691183,3.91250744,627.9574442,27.38755208,0,2787.661551,26041.64952,2076.563324,0,0.97812686,1000.623778,11.01680735,24.44736375,53.7969773,180.9534691,138.8940141,23965.0862
"Calendar Year (Jan - Dec), 2017",182.9097228,12.71564918,675.8856603,61.62199218,0,3060.558945,25047.87263,2876.671095,0,0,1108.217732,10.14292719,28.96602905,82.16265624,178.0190885,148.6752827,22171.20154
"Calendar Year (Jan - Dec), 2018",278.7661551,7.82501488,684.688802,71.40326078,0,3361.822018,26679.38823,2993.068192,0,0.97812686,2602.795575,10.86687155,32.67033651,82.16265624,274.8536477,177.0409617,23686.32004
"Calendar Year (Jan - Dec), 2019",,,,,,3001.871333,24852.24726,2938.293088,,,,,,,,116.3970963,21913.95417
"Calendar Year (Jan - Dec), 2020",,,,,,3405,28911,3678,,,,,,,,149,25233
"Calendar Year (Jan - Dec), 2021",,,,,,3937,31675,4228,,,,,,,,136,27447
"Calendar Year (Jan - Dec), 2022",,,,,,3716,30197,4282,,,,,,,,99,25915
Jharkhand,294,452,10815,1909,2,50625,407045,78962,741,1603,67283,12.4578328,99.6154028,379,375,11054,328083
"Calendar Year (Jan - Dec), 2016",140,139,3119,259,2,5453,47817,7107,280,525,18411,5.9087803,27.9243861,119,106,1514,40710
"Calendar Year (Jan - Dec), 2017",75,158,3510,720,0,5911,52664,8069,237,541,23157,3.1909301,34.7385441,170,78,1487,44595
"Calendar Year (Jan - Dec), 2018",79,155,4186,930,0,7083,55664,10377,224,537,25715,3.3581224,36.9524726,90,191,1712,45287
"Calendar Year (Jan - Dec), 2019",,,,,,8760,62206,12158,,,,,,,,1626,50048
"Calendar Year (Jan - Dec), 2020",,,,,,7630,63570,12537,,,,,,,,1592,51033
"Calendar Year (Jan - Dec), 2021",,,,,,8110,60765,13081,,,,,,,,1573,47684
"Calendar Year (Jan - Dec), 2022",,,,,,7678,64359,15633,,,,,,,,1550,48726
Karnataka,1480,1072,22799,10114,70,100512,1185168,292174,1097,5072,110108,327.8862198,816.6194938,692,371,9697,892994
"Calendar Year (Jan - Dec), 2016",453,178,7980,1101,12,14131,179479,31077,374,1869,37839,105.3072547,276.5805465,25,148,1573,148402
"Calendar Year (Jan - Dec), 2017",499,494,7604,3174,30,14078,184063,37709,401,1878,37873,125.3063094,295.2527802,289,111,1384,146354
"Calendar Year (Jan - Dec), 2018",528,400,7215,5839,28,13514,163416,36882,322,1325,34396,97.2726557,244.7861671,378,112,1334,126534
"Calendar Year (Jan - Dec), 2019",,,,,,13828,163691,43526,,,,,,,,1314,120165
"Calendar Year (Jan - Dec), 2020",,,,,,12680,150080,43730,,,,,,,,1331,106350
"Calendar Year (Jan - Dec), 2021",,,,,,14468,163697,47969,,,,,,,,1357,115728
"Calendar Year (Jan - Dec), 2022",,,,,,17813,180742,51281,,,,,,,,1404,129461
Kerala,1584,12558,15417,943,44,81905,3861140,2474829,464,2613,90762,62.0773842,207.0766405,714,973,2202,1386311
"Calendar Year (Jan - Dec), 2016",628,28,5217,283,15,10034,707870,447773,182,810,29195,18.2417155,83.0546576,430,317,305,260097
"Calendar Year (Jan - Dec), 2017",481,6780,4678,320,19,11057,653500,417654,144,916,33109,20.4184909,57.4834954,142,315,305,235846
"Calendar Year (Jan - Dec), 2018",475,5750,5522,340,10,10461,512167,325209,138,887,28458,23.4171778,66.5384875,142,341,292,186958
"Calendar Year (Jan - Dec), 2019",,,,,,11462,453083,277273,,,,,,,,323,175810
"Calendar Year (Jan - Dec), 2020",,,,,,10139,554724,405625,,,,,,,,306,149099
"Calendar Year (Jan - Dec), 2021",,,,,,13539,524960,382317,,,,,,,,337,142643
"Calendar Year (Jan - Dec), 2022",,,,,,15213,454836,218978,,,,,,,,334,235858
Ladakh,14.65500377,0.546828499,44.46809352,3.587194952,0,315.0861523,3734.842351,338.4043014,0,0.04374628,105.3629151,0.716187711,1.925027862,4.877710209,14.17379469,22.99264513,3396.43805
"Calendar Year (Jan - Dec), 2016",4.33088171,0.08749256,14.04255585,0.612447919,0,62.33844886,582.3504781,46.43667612,0,0.02187314,22.37622217,0.246360854,0.546698624,1.203022697,4.046530891,3.105985873,535.9138019
"Calendar Year (Jan - Dec), 2017",4.090277171,0.284350819,15.11433971,1.378007817,0,68.44105491,560.1273679,64.3289046,0,0,24.78226756,0.226818908,0.647746252,1.837343756,3.980911471,3.324717273,495.7984633
"Calendar Year (Jan - Dec), 2018",6.233844886,0.17498512,15.31119797,1.596739216,0,75.17798201,596.6117653,66.93180825,0,0.02187314,58.20442541,0.243007949,0.730582987,1.837343756,6.146352326,3.959038331,529.6799571
"Calendar Year (Jan - Dec), 2019",,,,,,67.12866651,555.7527399,65.70691241,,,,,,,,2.602903654,490.0458275
"Calendar Year (Jan - Dec), 2020",,,,,,9,403,16,,,,,,,,0,387
"Calendar Year (Jan - Dec), 2021",,,,,,18,559,40,,,,,,,,5,519
"Calendar Year (Jan - Dec), 2022",,,,,,15,478,39,,,,,,,,5,439
Lakshadweep,0,1,1,4,0,104,795,250,1,0,0,0.00085,0.065242,0,6,2,545
"Calendar Year (Jan - Dec), 2016",0,0,1,0,0,9,50,14,1,0,0,0,0.026742,0,0,0,36
"Calendar Year (Jan - Dec), 2017",0,0,0,0,0,6,114,36,0,0,0,0.00085,0.0338,0,2,0,78
"Calendar Year (Jan - Dec), 2018",0,1,0,4,0,11,77,29,0,0,0,0,0.0047,0,4,1,48
"Calendar Year (Jan - Dec), 2019",,,,,,38,182,59,,,,,,,,0,123
"Calendar Year (Jan - Dec), 2020",,,,,,15,147,40,,,,,,,,0,107
"Calendar Year (Jan - Dec), 2021",,,,,,9,128,39,,,,,,,,1,89
"Calendar Year (Jan - Dec), 2022",,,,,,16,97,33,,,,,,,,0,64
Madhya Pradesh,19092,217,8998,1488,13,201972,2938514,1023235,5980,15567,279906,201.2200695,572.0185325,952,276,13699,1915279
"Calendar Year (Jan - Dec), 2016",7369,32,2825,258,2,26604,365154,100736,1823,4922,98964,72.5673815,236.7456807,402,21,2004,264418
"Calendar Year (Jan - Dec), 2017",6491,46,3218,490,5,29788,379682,110170,2289,5892,91906,65.4511509,163.7512053,294,32,1908,269512
"Calendar Year (Jan - Dec), 2018",5232,139,2955,740,6,28942,405129,156775,1868,4753,89036,63.2015371,171.5216465,256,223,1879,248354
"Calendar Year (Jan - Dec), 2019",,,,,,27560,395619,149149,,,,,,,,1795,246470
"Calendar Year (Jan - Dec), 2020",,,,,,25640,428046,144165,,,,,,,,2101,283881
"Calendar Year (Jan - Dec), 2021",,,,,,30673,475918,171852,,,,,,,,2034,304066
"Calendar Year (Jan - Dec), 2022",,,,,,32765,488966,190388,,,,,,,,1978,298578
Maharashtra,18512,1619,41803,9495,162,252819,3560541,1187300,1393,5413,681475,1228.837776,6295.996812,2877,854,15531,2373241
"Calendar Year (Jan - Dec), 2016",6606,170,13008,2380,38,31388,430866,169152,403,1750,223360,266.9169112,3371.276576,1016,178,2299,261714
"Calendar Year (Jan - Dec), 2017",6026,439,13941,3604,61,31979,467753,178874,464,1689,234826,207.7489073,1521.331323,925,253,2103,288879
"Calendar Year (Jan - Dec), 2018",5880,1010,14854,3511,63,35497,515674,169383,526,1974,223289,754.1719575,1403.388913,936,423,2199,346291
"Calendar Year (Jan - Dec), 2019",,,,,,37144,509433,168349,,,,,,,,2142,341084
"Calendar Year (Jan - Dec), 2020",,,,,,31954,539003,144986,,,,,,,,2163,394017
"Calendar Year (Jan - Dec), 2021",,,,,,39526,540800,173582,,,,,,,,2330,367218
"Calendar Year (Jan - Dec), 2022",,,,,,45331,557012,182974,,,,,,,,2295,374038
Manipur,32,4,537,114,0,1823,25894,5747,3,2,0,5.5164334,27.75405314,5,975,388,20147
"Calendar Year (Jan - Dec), 2016",10,2,137,11,0,253,4098,928,1,2,0,2.9929104,8.550415835,0,335,78,3170
"Calendar Year (Jan - Dec), 2017",12,1,256,74,0,236,4250,834,1,0,0,1.433081,7.2095632,1,333,63,3416
"Calendar Year (Jan - Dec), 2018",10,1,144,29,0,271,3781,912,1,0,0,1.090442,11.9940741,4,307,52,2869
"Calendar Year (Jan - Dec), 2019",,,,,,266,3661,831,,,,,,,,56,2830
"Calendar Year (Jan - Dec), 2020",,,,,,247,2986,637,,,,,,,,46,2349
"Calendar Year (Jan - Dec), 2021",,,,,,302,3204,720,,,,,,,,46,2484
"Calendar Year (Jan - Dec), 2022",,,,,,248,3914,885,,,,,,,,47,3029
Meghalaya,248,45,875,152,0,4011,25710,4320,0,0,0,4.3233075,36.15888132,2,111,589,21390
"Calendar Year (Jan - Dec), 2016",84,0,324,39,0,372,3582,216,0,0,0,1.7080632,14.97956752,0,51,108,3366
"Calendar Year (Jan - Dec), 2017",93,0,294,39,0,567,3952,431,0,0,0,1.2340167,8.8124516,1,38,87,3521
"Calendar Year (Jan - Dec), 2018",71,45,257,74,0,571,3482,561,0,0,0,1.3812276,12.3668622,1,22,95,2921
"Calendar Year (Jan - Dec), 2019",,,,,,558,3897,772,,,,,,,,68,3125
"Calendar Year (Jan - Dec), 2020",,,,,,568,3744,873,,,,,,,,79,2871
"Calendar Year (Jan - Dec), 2021",,,,,,685,3428,756,,,,,,,,80,2672
"Calendar Year (Jan - Dec), 2022",,,,,,690,3625,711,,,,,,,,72,2914
Mizoram,105,3,279,17,2,1335,20387,3850,0,0,0,5.7943054,18.7062185,17,1,182,16537
"Calendar Year (Jan - Dec), 2016",53,1,119,1,0,120,2800,375,0,0,0,3.4995726,8.9105931,5,0,29,2425
"Calendar Year (Jan - Dec), 2017",21,1,91,10,1,301,2738,620,0,0,0,0.4521947,6.2012808,5,1,21,2118
"Calendar Year (Jan - Dec), 2018",31,1,69,6,1,249,2351,577,0,0,0,1.8425381,3.5943446,7,0,27,1774
"Calendar Year (Jan - Dec), 2019",,,,,,170,2880,501,,,,,,,,22,2379
"Calendar Year (Jan - Dec), 2020",,,,,,172,2289,502,,,,,,,,28,1787
"Calendar Year (Jan - Dec), 2021",,,,,,176,3196,729,,,,,,,,24,2467
"Calendar Year (Jan - Dec), 2022",,,,,,147,4133,546,,,,,,,,31,3587
Nagaland,40,3,309,4,0,444,11478,3631,0,0,336,4.6974689,20.4881145,38,41,201,7847
"Calendar Year (Jan - Dec), 2016",18,3,140,2,0,105,1908,532,0,0,35,1.8858279,8.1380584,10,15,36,1376
"Calendar Year (Jan - Dec), 2017",12,0,66,0,0,79,1553,485,0,0,87,1.2215873,4.9179199,12,14,36,1068
"Calendar Year (Jan - Dec), 2018",10,0,103,2,0,75,1775,552,0,0,214,1.5900537,7.4321362,16,12,31,1223
"Calendar Year (Jan - Dec), 2019",,,,,,43,1661,544,,,,,,,,25,1117
"Calendar Year (Jan - Dec), 2020",,,,,,39,1511,489,,,,,,,,25,1022
"Calendar Year (Jan - Dec), 2021",,,,,,54,1478,445,,,,,,,,27,1033
"Calendar Year (Jan - Dec), 2022",,,,,,49,1592,584,,,,,,,,21,1008
Odisha,3183,12,10433,1984,1,161881,904204,182456,1938,5543,108991,102.1375771,363.6968969,1557,66,9572,721748
"Calendar Year (Jan - Dec), 2016",994,1,3756,317,1,17837,103565,22105,681,1796,32473,28.41489724,111.2783073,569,25,1328,81460
"Calendar Year (Jan - Dec), 2017",1111,3,3451,824,0,20098,103866,20283,700,1969,34621,39.3702052,133.0793699,494,26,1267,83583
"Calendar Year (Jan - Dec), 2018",1078,8,3226,843,0,20274,107408,23639,557,1778,41897,34.3524747,119.3392197,494,15,1378,83769
"Calendar Year (Jan - Dec), 2019",,,,,,23183,121525,25492,,,,,,,,1356,96033
"Calendar Year (Jan - Dec), 2020",,,,,,25489,134230,25697,,,,,,,,1470,108533
"Calendar Year (Jan - Dec), 2021",,,,,,31352,155420,30464,,,,,,,,1394,124956
"Calendar Year (Jan - Dec), 2022",,,,,,23648,178190,34776,,,,,,,,1379,143414
Puducherry,186,139,264,21,33,969,35455,6900,1,42,835,5.3261918,14.6546286,7,28,204,28555
"Calendar Year (Jan - Dec), 2016",72,1,104,2,33,95,4885,799,1,3,304,1.4432814,3.6023037,5,8,33,4086
"Calendar Year (Jan - Dec), 2017",104,75,92,5,0,147,4799,916,0,32,236,2.1422269,6.142435,2,7,25,3883
"Calendar Year (Jan - Dec), 2018",10,63,68,14,0,166,4674,1068,0,7,295,1.7406835,4.9098899,0,13,29,3606
"Calendar Year (Jan - Dec), 2019",,,,,,95,4004,837,,,,,,,,29,3167
"Calendar Year (Jan - Dec), 2020",,,,,,113,7940,1215,,,,,,,,39,6725
"Calendar Year (Jan - Dec), 2021",,,,,,153,4595,744,,,,,,,,19,3851
"Calendar Year (Jan - Dec), 2022",,,,,,200,4558,1321,,,,,,,,30,3237
Punjab,568,74,12894,517,25,36985,501666,195972,2,418,66048,102.6672483,300.8902727,514,131,4943,305694
"Calendar Year (Jan - Dec), 2016",117,4,4271,102,9,5105,57739,17732,2,132,22661,38.8291771,106.0124781,171,32,771,40007
"Calendar Year (Jan - Dec), 2017",215,35,3788,176,11,4620,70673,31385,0,118,22420,32.6889184,92.3338483,167,60,659,39288
"Calendar Year (Jan - Dec), 2018",236,35,4835,239,5,5302,70318,28678,0,168,20967,31.1491528,102.5439463,176,39,684,41640
"Calendar Year (Jan - Dec), 2019",,,,,,5886,72855,28158,,,,,,,,679,44697
"Calendar Year (Jan - Dec), 2020",,,,,,4838,82875,33005,,,,,,,,757,49870
"Calendar Year (Jan - Dec), 2021",,,,,,5662,73581,27127,,,,,,,,723,46454
"Calendar Year (Jan - Dec), 2022",,,,,,5572,73625,29887,,,,,,,,670,43738
Rajasthan,6389,21287,66543,3349,65,243162,1909391,517936,3274,13979,199596,375.9492948,724.7247548,1163,281,11530,1391455
"Calendar Year (Jan - Dec), 2016",2273,1381,23589,941,25,27422,251147,70749,1195,5134,59721,131.3581248,240.0563412,387,82,1551,180398
"Calendar Year (Jan - Dec), 2017",2048,10122,21645,1304,19,25993,245553,75612,984,4238,73388,125.1324264,237.4298518,404,74,1473,169941
"Calendar Year (Jan - Dec), 2018",2068,9784,21309,1104,21,27866,250546,78657,1095,4607,66487,119.4587436,247.2385618,372,125,1508,171889
"Calendar Year (Jan - Dec), 2019",,,,,,41550,304394,79088,,,,,,,,1659,225306
"Calendar Year (Jan - Dec), 2020",,,,,,34535,260378,67099,,,,,,,,1719,193279
"Calendar Year (Jan - Dec), 2021",,,,,,40738,284569,70017,,,,,,,,1786,214552
"Calendar Year (Jan - Dec), 2022",,,,,,45058,312804,76714,,,,,,,,1834,236090
Sikkim,60,0,165,3,0,1062,5911,1546,7,11,0,1.4283047,4.7668068,14,3,93,4365
"Calendar Year (Jan - Dec), 2016",27,0,61,1,0,153,1020,211,0,1,0,0.7655147,1.90739,14,0,17,809
"Calendar Year (Jan - Dec), 2017",24,0,61,1,0,163,979,260,6,5,0,0.36564,1.5410468,0,0,13,719
"Calendar Year (Jan - Dec), 2018",9,0,43,1,0,172,869,249,1,5,0,0.29715,1.31837,0,3,12,620
"Calendar Year (Jan - Dec), 2019",,,,,,125,821,189,,,,,,,,17,632
"Calendar Year (Jan - Dec), 2020",,,,,,140,675,171,,,,,,,,11,504
"Calendar Year (Jan - Dec), 2021",,,,,,130,728,196,,,,,,,,14,532
"Calendar Year (Jan - Dec), 2022",,,,,,179,819,270,,,,,,,,9,549
Tamil Nadu,6897,35451,10875,667,118,45954,4450417,2329192,56,4066,243243,306.0869323,432.7511904,691,5870,11514,2121225
"Calendar Year (Jan - Dec), 2016",2217,1,3499,144,24,4463,467369,287473,19,1291,81639,91.5349201,136.8868809,170,1827,1603,179896
"Calendar Year (Jan - Dec), 2017",2376,20914,3511,228,43,5397,420876,242040,22,1362,82221,118.0015741,151.7078846,257,1802,1560,178836
"Calendar Year (Jan - Dec), 2018",2304,14536,3865,295,51,5822,499188,313276,15,1413,79383,96.5504381,144.1564249,264,2241,1569,185912
"Calendar Year (Jan - Dec), 2019",,,,,,5934,455094,286978,,,,,,,,1745,168116
"Calendar Year (Jan - Dec), 2020",,,,,,6630,1377681,485981,,,,,,,,1661,891700
"Calendar Year (Jan - Dec), 2021",,,,,,8501,756753,433901,,,,,,,,1686,322852
"Calendar Year (Jan - Dec), 2022",,,,,,9207,473456,279543,,,,,,,,1690,193913
Telangana,3771,812,30516,3007,16,128038,983725,88722,1229,4502,49896,236.5337014,394.5070266,283,241,6241,895003
"Calendar Year (Jan - Dec), 2016",998,22,9286,593,4,15374,120273,11282,375,1529,15516,60.9203499,113.5501512,89,90,1046,108991
"Calendar Year (Jan - Dec), 2017",1365,307,10840,1209,7,17521,133197,13339,435,1466,17541,62.2505574,120.3862194,55,98,805,119858
"Calendar Year (Jan - Dec), 2018",1408,483,10390,1205,5,16027,126858,12907,419,1507,16839,113.3627941,160.570656,139,53,786,113951
"Calendar Year (Jan - Dec), 2019",,,,,,18394,131254,12916,,,,,,,,839,118338
"Calendar Year (Jan - Dec), 2020",,,,,,17791,147504,11619,,,,,,,,802,135885
"Calendar Year (Jan - Dec), 2021",,,,,,20865,158809,12678,,,,,,,,1026,146131
"Calendar Year (Jan - Dec), 2022",,,,,,22066,165830,13981,,,,,,,,937,151849
The Dadra and Nagar Haveli and Daman and Diu,43,2,193,2,0,251,2543,273,10,1,0,4.793021,14.097274,2,2,43,2270
"Calendar Year (Jan - Dec), 2016",7,0,45,1,0,69,543,28,2,0,0,1.9603148,5.226944,0,0,9,515
"Calendar Year (Jan - Dec), 2017",21,0,95,1,0,46,691,58,5,0,0,0.8289319,2.1645961,0,1,9,633
"Calendar Year (Jan - Dec), 2018",15,2,53,0,0,54,649,75,3,1,0,2.0037743,6.7057339,2,1,12,574
"Calendar Year (Jan - Dec), 2019",,,,,,82,660,112,,,,,,,,13,548
Tripura,106,0,468,35,0,6395,34358,4050,4,2,146,2.8242597,12.2103061,9,40,895,30308
"Calendar Year (Jan - Dec), 2016",25,0,146,8,0,1013,4081,148,3,0,12,0.722421,2.4275433,2,7,145,3933
"Calendar Year (Jan - Dec), 2017",37,0,149,7,0,972,4238,320,1,1,51,1.1242132,4.3691751,1,16,124,3918
"Calendar Year (Jan - Dec), 2018",44,0,173,20,0,907,6078,753,0,1,83,0.9776255,5.4135877,6,17,137,5325
"Calendar Year (Jan - Dec), 2019",,,,,,1070,5988,652,,,,,,,,144,5336
"Calendar Year (Jan - Dec), 2020",,,,,,874,4653,643,,,,,,,,114,4010
"Calendar Year (Jan - Dec), 2021",,,,,,807,4788,655,,,,,,,,122,4133
"Calendar Year (Jan - Dec), 2022",,,,,,752,4532,879,,,,,,,,109,3653
Uttar Pradesh,3311,5686,59304,13890,107,395782,4327524,1924981,237,33794,402799,361.955689,1247.856428,172,5972,28024,2402543
"Calendar Year (Jan - Dec), 2016",1438,2130,15765,2639,6,49262,494025,211854,4,10426,124720,167.7097782,630.0749726,30,1414,4889,282171
"Calendar Year (Jan - Dec), 2017",825,1863,20717,4971,39,56011,600082,289998,88,11444,137693,100.126997,293.3475292,58,2055,4324,310084
"Calendar Year (Jan - Dec), 2018",1048,1693,22822,6280,62,59445,585157,242802,145,11924,140386,94.1189138,324.4339257,84,2503,4018,342355
"Calendar Year (Jan - Dec), 2019",,,,,,59853,628578,275447,,,,,,,,3806,353131
"Calendar Year (Jan - Dec), 2020",,,,,,49385,657925,302815,,,,,,,,3779,355110
"Calendar Year (Jan - Dec), 2021",,,,,,56083,608082,250177,,,,,,,,3717,357905
"Calendar Year (Jan - Dec), 2022",,,,,,65743,753675,351888,,,,,,,,3491,401787
Uttarakhand,462,318,3939,357,7,19504,234732,137673,21,219,17357,26.8579307,46.9937528,58,19,1340,97059
"Calendar Year (Jan - Dec), 2016",124,49,1289,62,0,1588,16074,5207,3,65,5142,7.1634128,13.26644,28,4,194,10867
"Calendar Year (Jan - Dec), 2017",159,75,1122,124,5,1944,28861,15972,11,96,5990,8.1757666,15.5067807,13,7,181,12889
"Calendar Year (Jan - Dec), 2018",179,194,1528,171,2,2817,34715,19976,7,58,6225,11.5187513,18.2205321,17,8,211,14739
"Calendar Year (Jan - Dec), 2019",,,,,,2541,28268,16187,,,,,,,,199,12081
"Calendar Year (Jan - Dec), 2020",,,,,,2846,57332,43520,,,,,,,,160,13812
"Calendar Year (Jan - Dec), 2021",,,,,,3431,34875,19171,,,,,,,,208,15704
"Calendar Year (Jan - Dec), 2022",,,,,,4337,34607,17640,,,,,,,,187,16967
West Bengal,1789,226,29397,1381,29,231354,1320790,192941,306,376,148166,101.9405111,356.2451062,40,453,13439,1127849
"Calendar Year (Jan - Dec), 2016",709,74,9663,478,2,32513,204400,27831,83,119,56447,24.6915306,158.4457479,16,102,2044,176569
"Calendar Year (Jan - Dec), 2017",577,88,10052,568,21,30992,195537,31538,122,138,37612,29.766204,100.6620262,15,167,2001,163999
"Calendar Year (Jan - Dec), 2018",503,64,9682,335,6,30394,188063,30453,101,119,54107,47.4827765,97.1373321,9,184,1933,157610
"Calendar Year (Jan - Dec), 2019",,,,,,30394,188063,30453,,,,,,,,1933,157610
"Calendar Year (Jan - Dec), 2020",,,,,,36439,182367,24307,,,,,,,,1948,158060
"Calendar Year (Jan - Dec), 2021",,,,,,35884,181821,24323,,,,,,,,1884,157498
"Calendar Year (Jan - Dec), 2022",,,,,,34738,180539,24036,,,,,,,,1696,156503
Grand Total,101046,82071,448764,61361,1391,2714297,38589521,14715596,20221,126797,3279382,4604.9925,19962.64971,12757,24535,203982,23873925