state,seat_category,number_of_seats,nominations_filed_male,nominations_filed_female,nominations_filed_third_gender,nominations_filed_total,nominations_rejected_male,nominations_rejected_female,nominations_rejected_third_gender,nominations_rejected_total,nominations_withdrawn_male,nominations_withdrawn_female,nomination_withdrawn_third_gender,nominations_withdrawn_total,contesting_candidates_male,contesting_candidates_female,contesting_candidates_third_gender,contesting_candidates_total,deposit_forfeited_male ,deposit_forfeited_female,deposit_forfeited_third_gender,deposit_forfeited_total 
Andhra Pradesh,GEN,20,329,52,0,381,67,25,0,92,17,6,0,23,245,21,0,266,207,17,0,224
Andhra Pradesh,SC,4,49,7,0,56,8,3,0,11,1,1,0,2,40,3,0,43,33,1,0,34
Andhra Pradesh,ST,1,9,4,0,13,2,1,0,3,0,0,0,0,7,3,0,10,6,2,0,8
Andhra Pradesh,TOTAL,25,387,63,0,450,77,29,0,106,18,7,0,25,292,27,0,319,246,20,0,266
Arunachal Pradesh,GEN,2,11,1,0,12,0,0,0,0,0,0,0,0,11,1,0,12,8,1,0,9
Arunachal Pradesh,TOTAL,2,11,1,0,12,0,0,0,0,0,0,0,0,11,1,0,12,8,1,0,9
Assam,GEN,11,115,15,0,130,4,1,0,5,7,1,0,8,104,13,0,117,83,10,0,93
Assam,SC,1,19,0,0,19,0,0,0,0,5,0,0,5,14,0,0,14,12,0,0,12
Assam,ST,2,17,1,0,18,4,0,0,4,0,0,0,0,13,1,0,14,9,0,0,9
Assam,TOTAL,14,151,16,0,167,8,1,0,9,12,1,0,13,131,14,0,145,104,10,0,114
Bihar,GEN,34,732,68,0,800,209,17,0,226,16,2,0,18,507,49,0,556,447,41,0,488
Bihar,SC,6,93,9,0,102,27,2,0,29,3,0,0,3,63,7,0,70,52,6,0,58
Bihar,TOTAL,40,825,77,0,902,236,19,0,255,19,2,0,21,570,56,0,626,499,47,0,546
Goa,GEN,2,14,2,0,16,4,0,0,4,0,0,0,0,10,2,0,12,6,2,0,8
Goa,TOTAL,2,14,2,0,16,4,0,0,4,0,0,0,0,10,2,0,12,6,2,0,8
Gujarat,GEN,20,453,35,1,489,91,7,0,98,75,4,0,79,287,24,1,312,253,18,1,272
Gujarat,SC,2,27,4,0,31,7,1,0,8,0,0,0,0,20,3,0,23,16,3,0,19
Gujarat,ST,4,47,2,0,49,10,1,0,11,2,0,0,2,35,1,0,36,28,0,0,28
Gujarat,TOTAL,26,527,41,1,569,108,9,0,117,77,4,0,81,342,28,1,371,297,21,1,319
Haryana,GEN,8,228,30,0,258,43,17,0,60,9,4,0,13,176,9,0,185,161,8,0,169
Haryana,SC,2,41,4,0,45,4,2,0,6,1,0,0,1,36,2,0,38,34,0,0,34
Haryana,TOTAL,10,269,34,0,303,47,19,0,66,10,4,0,14,212,11,0,223,195,8,0,203
Himachal Pradesh,GEN,3,46,1,0,47,8,0,0,8,0,0,0,0,38,1,0,39,32,1,0,33
Himachal Pradesh,SC,1,8,0,0,8,1,0,0,1,1,0,0,1,6,0,0,6,4,0,0,4
Himachal Pradesh,TOTAL,4,54,1,0,55,9,0,0,9,1,0,0,1,44,1,0,45,36,1,0,37
Jammu & Kashmir,GEN,6,102,4,0,106,20,0,0,20,6,1,0,7,76,3,0,79,61,2,0,63
Jammu & Kashmir,TOTAL,6,102,4,0,106,20,0,0,20,6,1,0,7,76,3,0,79,61,2,0,63
Karnataka,GEN,21,484,34,0,518,59,6,0,65,56,2,0,58,369,26,0,395,330,23,0,353
Karnataka,SC,5,96,2,0,98,8,1,0,9,22,0,0,22,66,1,0,67,57,0,0,57
Karnataka,ST,2,22,0,0,22,4,0,0,4,2,0,0,2,16,0,0,16,12,0,0,12
Karnataka,TOTAL,28,602,36,0,638,71,7,0,78,80,2,0,82,451,27,0,478,399,23,0,422
Kerala,GEN,18,251,29,1,281,47,7,0,54,16,0,0,16,188,22,1,211,149,18,1,168
Kerala,SC,2,18,4,0,22,3,2,0,5,1,0,0,1,14,2,0,16,11,1,0,12
Kerala,TOTAL,20,269,33,1,303,50,9,0,59,17,0,0,17,202,24,1,227,160,19,1,180
Madhya Pradesh,GEN,19,382,34,0,416,37,1,0,38,37,5,0,42,308,28,0,336,275,23,0,298
Madhya Pradesh,SC,4,58,2,0,60,12,0,0,12,1,0,0,1,45,2,0,47,39,0,0,39
Madhya Pradesh,ST,6,57,14,0,71,4,4,0,8,8,0,0,8,45,10,0,55,35,8,0,43
Madhya Pradesh,TOTAL,29,497,50,0,547,53,5,0,58,46,5,0,51,398,40,0,438,349,31,0,380
Maharashtra,GEN,39,1039,102,0,1141,148,21,0,169,209,15,0,224,682,66,0,748,610,57,0,667
Maharashtra,SC,5,118,13,0,131,10,2,0,12,34,2,0,36,74,9,0,83,65,8,0,73
Maharashtra,ST,4,54,6,0,60,10,1,0,11,12,1,0,13,32,4,0,36,26,2,0,28
Maharashtra,TOTAL,48,1211,121,0,1332,168,24,0,192,255,18,0,273,788,79,0,867,701,67,0,768
Manipur,GEN,1,11,0,0,11,0,0,0,0,0,0,0,0,11,0,0,11,8,0,0,8
Manipur,ST,1,8,0,0,8,0,0,0,0,0,0,0,0,8,0,0,8,5,0,0,5
Manipur,TOTAL,2,19,0,0,19,0,0,0,0,0,0,0,0,19,0,0,19,13,0,0,13
Meghalaya,ST,2,10,1,0,11,0,0,0,0,2,0,0,2,8,1,0,9,5,0,0,5
Meghalaya,TOTAL,2,10,1,0,11,0,0,0,0,2,0,0,2,8,1,0,9,5,0,0,5
Mizoram,ST,1,5,1,0,6,0,0,0,0,0,0,0,0,5,1,0,6,3,1,0,4
Mizoram,TOTAL,1,5,1,0,6,0,0,0,0,0,0,0,0,5,1,0,6,3,1,0,4
Nagaland,GEN,1,4,0,0,4,0,0,0,0,0,0,0,0,4,0,0,4,2,0,0,2
Nagaland,TOTAL,1,4,0,0,4,0,0,0,0,0,0,0,0,4,0,0,4,2,0,0,2
Odisha,GEN,13,123,10,0,133,15,0,0,15,4,0,0,4,104,10,0,114,80,6,0,86
Odisha,SC,3,20,9,0,29,3,0,0,3,1,0,0,1,16,9,0,25,13,4,0,17
Odisha,ST,5,37,6,0,43,4,0,0,4,4,0,0,4,29,6,0,35,19,3,0,22
Odisha,TOTAL,21,180,25,0,205,22,0,0,22,9,0,0,9,149,25,0,174,112,13,0,125
Punjab,GEN,9,235,35,0,270,31,12,0,43,13,3,0,16,191,20,0,211,174,16,0,190
Punjab,SC,4,76,13,0,89,13,5,0,18,1,3,0,4,62,5,0,67,53,5,0,58
Punjab,TOTAL,13,311,48,0,359,44,17,0,61,14,6,0,20,253,25,0,278,227,21,0,248
Rajasthan,GEN,18,259,22,0,281,30,3,0,33,53,2,0,55,176,17,0,193,144,13,0,157
Rajasthan,SC,4,36,2,0,38,5,1,0,6,1,0,0,1,30,1,0,31,23,0,0,23
Rajasthan,ST,3,21,5,0,26,0,0,0,0,1,0,0,1,20,5,0,25,15,3,0,18
Rajasthan,TOTAL,25,316,29,0,345,35,4,0,39,55,2,0,57,226,23,0,249,182,16,0,198
Sikkim,GEN,1,10,1,0,11,0,0,0,0,0,0,0,0,10,1,0,11,8,1,0,9
Sikkim,TOTAL,1,10,1,0,11,0,0,0,0,0,0,0,0,10,1,0,11,8,1,0,9
Tamil Nadu,GEN,32,1024,105,2,1131,267,37,1,305,65,18,0,83,692,50,1,743,634,46,1,681
Tamil Nadu,SC,7,129,30,0,159,34,12,0,46,5,1,0,6,90,17,0,107,77,16,0,93
Tamil Nadu,TOTAL,39,1153,135,2,1290,301,49,1,351,70,19,0,89,782,67,1,850,711,62,1,774
Tripura,GEN,1,17,1,0,18,5,0,0,5,0,0,0,0,12,1,0,13,11,0,0,11
Tripura,ST,1,8,2,0,10,0,0,0,0,0,0,0,0,8,2,0,10,6,1,0,7
Tripura,TOTAL,2,25,3,0,28,5,0,0,5,0,0,0,0,20,3,0,23,17,1,0,18
Uttar Pradesh,GEN,63,1376,135,3,1514,640,50,0,690,22,5,0,27,714,80,3,797,606,62,3,671
Uttar Pradesh,SC,17,228,38,0,266,65,11,0,76,7,1,0,8,156,26,0,182,126,22,0,148
Uttar Pradesh,TOTAL,80,1604,173,3,1780,705,61,0,766,29,6,0,35,870,106,3,979,732,84,3,819
West Bengal,GEN,30,361,46,0,407,36,3,0,39,6,1,0,7,319,42,0,361,271,25,0,296
West Bengal,SC,10,93,9,0,102,12,1,0,13,0,0,0,0,81,8,0,89,65,4,0,69
West Bengal,ST,2,17,4,0,21,4,0,0,4,1,0,0,1,12,4,0,16,9,3,0,12
West Bengal,TOTAL,42,471,59,0,530,52,4,0,56,7,1,0,8,412,54,0,466,345,32,0,377
Chhattisgarh,GEN,6,135,13,0,148,19,0,0,19,17,1,0,18,99,12,0,111,89,10,0,99
Chhattisgarh,SC,1,13,5,0,18,0,0,0,0,3,0,0,3,10,5,0,15,8,5,0,13
Chhattisgarh,ST,4,37,8,0,45,2,1,0,3,1,1,0,2,34,6,0,40,28,4,0,32
Chhattisgarh,TOTAL,11,185,26,0,211,21,1,0,22,21,2,0,23,143,23,0,166,125,19,0,144
Jharkhand,GEN,8,197,14,0,211,54,1,0,55,9,0,0,9,134,13,0,147,120,12,0,132
Jharkhand,SC,1,21,3,0,24,3,1,0,4,1,0,0,1,17,2,0,19,15,2,0,17
Jharkhand,ST,5,70,10,0,80,15,0,0,15,2,0,0,2,53,10,0,63,44,9,0,53
Jharkhand,TOTAL,14,288,27,0,315,72,2,0,74,12,0,0,12,204,25,0,229,179,23,0,202
Uttarakhand,GEN,4,53,4,0,57,9,0,0,9,1,1,0,2,43,3,0,46,36,2,0,38
Uttarakhand,SC,1,6,2,0,8,1,0,0,1,1,0,0,1,4,2,0,6,2,2,0,4
Uttarakhand,TOTAL,5,59,6,0,65,10,0,0,10,2,1,0,3,47,5,0,52,38,4,0,42
Telangana,GEN,12,515,23,0,538,109,7,0,116,44,3,0,47,362,13,0,375,337,10,0,347
Telangana,SC,3,63,8,0,71,20,1,0,21,7,0,0,7,36,7,0,43,30,7,0,37
Telangana,ST,2,31,5,0,36,5,0,0,5,6,0,0,6,20,5,0,25,16,4,0,20
Telangana,TOTAL,17,609,36,0,645,134,8,0,142,57,3,0,60,418,25,0,443,383,21,0,404
Andaman & Nicobar Islands,GEN,1,18,1,0,19,3,0,0,3,1,0,0,1,14,1,0,15,12,1,0,13
Andaman & Nicobar Islands,TOTAL,1,18,1,0,19,3,0,0,3,1,0,0,1,14,1,0,15,12,1,0,13
Chandigarh,GEN,1,33,12,0,45,3,2,0,5,3,1,0,4,27,9,0,36,26,8,0,34
Chandigarh,TOTAL,1,33,12,0,45,3,2,0,5,3,1,0,4,27,9,0,36,26,8,0,34
Dadra & Nagar Haveli,ST,1,12,1,0,13,2,0,0,2,0,0,0,0,10,1,0,11,8,1,0,9
Dadra & Nagar Haveli,TOTAL,1,12,1,0,13,2,0,0,2,0,0,0,0,10,1,0,11,8,1,0,9
Daman & Diu,GEN,1,5,2,0,7,1,2,0,3,0,0,0,0,4,0,0,4,1,0,0,1
Daman & Diu,TOTAL,1,5,2,0,7,1,2,0,3,0,0,0,0,4,0,0,4,1,0,0,1
NCT OF Delhi,GEN,6,274,38,0,312,129,23,0,152,7,0,0,7,138,15,0,153,127,12,0,139
NCT OF Delhi,SC ,1,30,5,0,35,18,4,0,22,2,0,0,2,10,1,0,11,7,1,0,8
NCT OF Delhi,TOTAL,7,304,43,0,347,147,27,0,174,9,0,0,9,148,16,0,164,134,13,0,147
Lakshadweep,ST,1,7,0,0,7,1,0,0,1,0,0,0,0,6,0,0,6,4,0,0,4
Lakshadweep,TOTAL,1,7,0,0,7,1,0,0,1,0,0,0,0,6,0,0,6,4,0,0,4
Puducherry,GEN,1,24,6,0,30,8,4,0,12,0,0,0,0,16,2,0,18,14,2,0,16
Puducherry,TOTAL,1,24,6,0,30,8,4,0,12,0,0,0,0,16,2,0,18,14,2,0,16
,G. Total,543,10571,1114,7,11692,2417,303,1,2721,832,85,0,917,7322,726,6,8054,6342,575,6,6923